{
  "I-FGSM (baseline)": {
    "whitebox": 0.8799999952316284,
    "resnet20": 0.6433333158493042,
    "vgg13_bn": 0.5299999713897705,
    "shufflenetv2_x1_0": 0.5533333420753479,
    "repvgg_a0": 0.5333333611488342,
    "avg_transfer": 0.5649999976158142
  },
  "MI-FGSM": {
    "whitebox": 0.8533333539962769,
    "resnet20": 0.6499999761581421,
    "vgg13_bn": 0.5366666913032532,
    "shufflenetv2_x1_0": 0.5533333420753479,
    "repvgg_a0": 0.5433333516120911,
    "avg_transfer": 0.5708333402872086
  },
  "DI-FGSM": {
    "whitebox": 0.8166666626930237,
    "resnet20": 0.6266666650772095,
    "vgg13_bn": 0.5333333611488342,
    "shufflenetv2_x1_0": 0.5533333420753479,
    "repvgg_a0": 0.5366666913032532,
    "avg_transfer": 0.5625000149011612
  },
  "MI-DI-FGSM": {
    "whitebox": 0.7866666913032532,
    "resnet20": 0.6333333253860474,
    "vgg13_bn": 0.5333333611488342,
    "shufflenetv2_x1_0": 0.5566666722297668,
    "repvgg_a0": 0.5366666913032532,
    "avg_transfer": 0.5650000125169754
  },
  "MI-TI-FGSM": {
    "whitebox": 0.5266666412353516,
    "resnet20": 0.5266666412353516,
    "vgg13_bn": 0.4399999976158142,
    "shufflenetv2_x1_0": 0.4866666793823242,
    "repvgg_a0": 0.4566666781902313,
    "avg_transfer": 0.47749999910593033
  },
  "MI-DI-TI-FGSM": {
    "whitebox": 0.5066666603088379,
    "resnet20": 0.5299999713897705,
    "vgg13_bn": 0.43666666746139526,
    "shufflenetv2_x1_0": 0.4833333194255829,
    "repvgg_a0": 0.4399999976158142,
    "avg_transfer": 0.4724999889731407
  },
  "Ensemble": {
    "whitebox": 0.753333330154419,
    "resnet20": 0.6733333468437195,
    "vgg13_bn": 0.5566666722297668,
    "shufflenetv2_x1_0": 0.5766666531562805,
    "repvgg_a0": 0.5633333325386047,
    "avg_transfer": 0.5925000011920929
  },
  "Ensemble + MI": {
    "whitebox": 0.7333333492279053,
    "resnet20": 0.6700000166893005,
    "vgg13_bn": 0.5533333420753479,
    "shufflenetv2_x1_0": 0.5899999737739563,
    "repvgg_a0": 0.5666666626930237,
    "avg_transfer": 0.5949999988079071
  },
  "Ensemble + MI + DI": {
    "whitebox": 0.6866666674613953,
    "resnet20": 0.6666666865348816,
    "vgg13_bn": 0.5766666531562805,
    "shufflenetv2_x1_0": 0.596666693687439,
    "repvgg_a0": 0.5633333325386047,
    "avg_transfer": 0.6008333414793015
  },
  "Ensemble + MI + DI + TI": {
    "whitebox": 0.4833333194255829,
    "resnet20": 0.5400000214576721,
    "vgg13_bn": 0.4466666579246521,
    "shufflenetv2_x1_0": 0.4833333194255829,
    "repvgg_a0": 0.44999998807907104,
    "avg_transfer": 0.47999999672174454
  }
}