{
  "gradient_similarity": {
    "early_sim": 0.009115146473050117,
    "middle_sim": 0.012623182963579893,
    "late_sim": -0.03163185901939869,
    "output_sim": 0.08564978837966919
  },
  "feature_attack": {
    "output": {
      "whitebox": 0.8799999952316284,
      "vgg16_bn": 0.5433333516120911,
      "mobilenetv2_x1_0": 0.5933333039283752
    },
    "early": {
      "whitebox": 0.44999998807907104,
      "vgg16_bn": 0.46000000834465027,
      "mobilenetv2_x1_0": 0.47333332896232605
    },
    "middle": {
      "whitebox": 0.4233333468437195,
      "vgg16_bn": 0.44999998807907104,
      "mobilenetv2_x1_0": 0.4633333384990692
    },
    "late": {
      "whitebox": 0.4866666793823242,
      "vgg16_bn": 0.46666666865348816,
      "mobilenetv2_x1_0": 0.47999998927116394
    }
  }
}