{
  "No FreezeOut (baseline)": {
    "whitebox": {
      "target": 0.6366666555404663,
      "misclass": 0.7599999904632568
    },
    "vgg16_bn": {
      "target": 0.18000000715255737,
      "misclass": 0.5
    },
    "mobilenetv2_x1_0": {
      "target": 0.18000000715255737,
      "misclass": 0.550000011920929
    },
    "shufflenetv2_x1_0": {
      "target": 0.1433333307504654,
      "misclass": 0.5133333206176758
    },
    "avg_transfer": 0.1677777816851934
  },
  "FreezeOut (2 stages)": {
    "whitebox": {
      "target": 0.6366666555404663,
      "misclass": 0.7599999904632568
    },
    "vgg16_bn": {
      "target": 0.18000000715255737,
      "misclass": 0.5
    },
    "mobilenetv2_x1_0": {
      "target": 0.18000000715255737,
      "misclass": 0.550000011920929
    },
    "shufflenetv2_x1_0": {
      "target": 0.1433333307504654,
      "misclass": 0.5133333206176758
    },
    "avg_transfer": 0.1677777816851934
  },
  "FreezeOut (3 stages)": {
    "whitebox": {
      "target": 0.6100000143051147,
      "misclass": 0.7133333086967468
    },
    "vgg16_bn": {
      "target": 0.1899999976158142,
      "misclass": 0.5066666603088379
    },
    "mobilenetv2_x1_0": {
      "target": 0.18666666746139526,
      "misclass": 0.54666668176651
    },
    "shufflenetv2_x1_0": {
      "target": 0.14666666090488434,
      "misclass": 0.5199999809265137
    },
    "avg_transfer": 0.17444444199403128
  },
  "FreezeOut (5 stages)": {
    "whitebox": {
      "target": 0.6366666555404663,
      "misclass": 0.7599999904632568
    },
    "vgg16_bn": {
      "target": 0.18000000715255737,
      "misclass": 0.5
    },
    "mobilenetv2_x1_0": {
      "target": 0.18000000715255737,
      "misclass": 0.550000011920929
    },
    "shufflenetv2_x1_0": {
      "target": 0.1433333307504654,
      "misclass": 0.5133333206176758
    },
    "avg_transfer": 0.1677777816851934
  },
  "FreezeOut (backward)": {
    "whitebox": {
      "target": 0.6100000143051147,
      "misclass": 0.7133333086967468
    },
    "vgg16_bn": {
      "target": 0.1899999976158142,
      "misclass": 0.5066666603088379
    },
    "mobilenetv2_x1_0": {
      "target": 0.18666666746139526,
      "misclass": 0.54666668176651
    },
    "shufflenetv2_x1_0": {
      "target": 0.14666666090488434,
      "misclass": 0.5199999809265137
    },
    "avg_transfer": 0.17444444199403128
  }
}