{
  "FF (single)": {
    "whitebox": {
      "target": 0.09000000357627869,
      "misclass": 0.33000001311302185
    },
    "resnet20": {
      "target": 0.1133333370089531,
      "misclass": 0.40666666626930237
    },
    "vgg13_bn": {
      "target": 0.1133333370089531,
      "misclass": 0.38999998569488525
    },
    "shufflenetv2_x1_0": {
      "target": 0.07999999821186066,
      "misclass": 0.4099999964237213
    },
    "repvgg_a0": {
      "target": 0.08666666597127914,
      "misclass": 0.3566666543483734
    },
    "avg_transfer": 0.3908333256840706
  },
  "FF-DI (single)": {
    "whitebox": {
      "target": 0.09333333373069763,
      "misclass": 0.33666667342185974
    },
    "resnet20": {
      "target": 0.11999999731779099,
      "misclass": 0.4099999964237213
    },
    "vgg13_bn": {
      "target": 0.1133333370089531,
      "misclass": 0.3866666555404663
    },
    "shufflenetv2_x1_0": {
      "target": 0.0833333358168602,
      "misclass": 0.40666666626930237
    },
    "repvgg_a0": {
      "target": 0.09333333373069763,
      "misclass": 0.36000001430511475
    },
    "avg_transfer": 0.3908333331346512
  },
  "FF-Ensemble (3 models)": {
    "whitebox": {
      "target": 0.5066666603088379,
      "misclass": 0.6800000071525574
    },
    "resnet20": {
      "target": 0.2266666740179062,
      "misclass": 0.6066666841506958
    },
    "vgg13_bn": {
      "target": 0.1966666728258133,
      "misclass": 0.49666666984558105
    },
    "shufflenetv2_x1_0": {
      "target": 0.18000000715255737,
      "misclass": 0.550000011920929
    },
    "repvgg_a0": {
      "target": 0.21666666865348816,
      "misclass": 0.503333330154419
    },
    "avg_transfer": 0.5391666740179062
  }
}