{
  "config": {
    "source_model": "resnet56",
    "target_models": [
      "vgg16_bn",
      "mobilenetv2_x1_0",
      "shufflenetv2_x1_0"
    ],
    "strategies": [
      "random",
      "least_likely",
      "most_confusing",
      "semantic",
      "multi_target",
      "dynamic_topk"
    ],
    "eps": 0.03137254901960784,
    "alpha": 0.00784313725490196,
    "steps": 10,
    "freeze_epochs": 3,
    "num_samples": 500,
    "batch_size": 50
  },
  "timestamp": "2026-02-04T12:22:23.318979",
  "strategies": {
    "random": {
      "whitebox": {
        "target_success": 0.36800000071525574,
        "misclass_rate": 0.6719999969005584,
        "target_confidence": 0.3558830678462982
      },
      "transfer": {
        "vgg16_bn": {
          "target_success": 0.061999999731779096,
          "misclass_rate": 0.41600000858306885,
          "target_confidence": 0.06467555686831475
        },
        "mobilenetv2_x1_0": {
          "target_success": 0.08999999910593033,
          "misclass_rate": 0.5059999972581863,
          "target_confidence": 0.09356209300458432
        },
        "shufflenetv2_x1_0": {
          "target_success": 0.06799999922513962,
          "misclass_rate": 0.4900000035762787,
          "target_confidence": 0.07009885646402836
        }
      },
      "perturbation": {
        "l2": 50.175590133666994,
        "linf": 2.429065704345703
      }
    },
    "least_likely": {
      "whitebox": {
        "target_success": 0.2739999979734421,
        "misclass_rate": 0.6520000040531159,
        "target_confidence": 0.2561481297016144
      },
      "transfer": {
        "vgg16_bn": {
          "target_success": 0.03799999915063381,
          "misclass_rate": 0.42199999988079073,
          "target_confidence": 0.03480384175200015
        },
        "mobilenetv2_x1_0": {
          "target_success": 0.03399999924004078,
          "misclass_rate": 0.5059999942779541,
          "target_confidence": 0.03762363689020276
        },
        "shufflenetv2_x1_0": {
          "target_success": 0.031999999284744264,
          "misclass_rate": 0.5019999951124191,
          "target_confidence": 0.03462549466639757
        }
      },
      "perturbation": {
        "l2": 50.17545928955078,
        "linf": 2.429065704345703
      }
    },
    "most_confusing": {
      "whitebox": {
        "target_success": 0.6020000010728837,
        "misclass_rate": 0.7580000042915345,
        "target_confidence": 0.583649268746376
      },
      "transfer": {
        "vgg16_bn": {
          "target_success": 0.1379999987781048,
          "misclass_rate": 0.4260000020265579,
          "target_confidence": 0.14763511791825296
        },
        "mobilenetv2_x1_0": {
          "target_success": 0.19999999925494194,
          "misclass_rate": 0.5259999960660935,
          "target_confidence": 0.19776665270328522
        },
        "shufflenetv2_x1_0": {
          "target_success": 0.16400000154972078,
          "misclass_rate": 0.5199999928474426,
          "target_confidence": 0.1583444319665432
        }
      },
      "perturbation": {
        "l2": 50.17588996887207,
        "linf": 2.429065704345703
      }
    },
    "semantic": {
      "whitebox": {
        "target_success": 0.5379999965429306,
        "misclass_rate": 0.7459999978542328,
        "target_confidence": 0.5198081493377685
      },
      "transfer": {
        "vgg16_bn": {
          "target_success": 0.09399999901652337,
          "misclass_rate": 0.42599999308586123,
          "target_confidence": 0.1026970699429512
        },
        "mobilenetv2_x1_0": {
          "target_success": 0.13800000213086605,
          "misclass_rate": 0.5059999972581863,
          "target_confidence": 0.1482110794633627
        },
        "shufflenetv2_x1_0": {
          "target_success": 0.11799999997019768,
          "misclass_rate": 0.5160000056028367,
          "target_confidence": 0.11858137249946595
        }
      },
      "perturbation": {
        "l2": 50.175851058959964,
        "linf": 2.429065704345703
      }
    },
    "multi_target": {
      "whitebox": {
        "target_success": 0.6020000010728837,
        "misclass_rate": 0.7580000042915345,
        "target_confidence": 0.583649268746376
      },
      "transfer": {
        "vgg16_bn": {
          "target_success": 0.1379999987781048,
          "misclass_rate": 0.4260000020265579,
          "target_confidence": 0.14763511791825296
        },
        "mobilenetv2_x1_0": {
          "target_success": 0.19999999925494194,
          "misclass_rate": 0.5259999960660935,
          "target_confidence": 0.19776665270328522
        },
        "shufflenetv2_x1_0": {
          "target_success": 0.16400000154972078,
          "misclass_rate": 0.5199999928474426,
          "target_confidence": 0.1583444319665432
        }
      },
      "perturbation": {
        "l2": 50.17588996887207,
        "linf": 2.429065704345703
      }
    },
    "dynamic_topk": {
      "whitebox": {
        "target_success": 0.2739999979734421,
        "misclass_rate": 0.6520000040531159,
        "target_confidence": 0.2561481297016144
      },
      "transfer": {
        "vgg16_bn": {
          "target_success": 0.03799999915063381,
          "misclass_rate": 0.42199999988079073,
          "target_confidence": 0.03480384175200015
        },
        "mobilenetv2_x1_0": {
          "target_success": 0.03399999924004078,
          "misclass_rate": 0.5059999942779541,
          "target_confidence": 0.03762363689020276
        },
        "shufflenetv2_x1_0": {
          "target_success": 0.031999999284744264,
          "misclass_rate": 0.5019999951124191,
          "target_confidence": 0.03462549466639757
        }
      },
      "perturbation": {
        "l2": 50.17545928955078,
        "linf": 2.429065704345703
      }
    }
  }
}